Workbook
Name Slicer_Gender: #N/A

Sheet Sheet1
A1: First Name | B1: Last Name | C1: Gender | D1: Age | E1: Email | F1: Education | G1: Salary
A2: Chester | B2: Andrews | C2: Male | D2: 29 | E2: c.andrews@randatmail.com | F2: Bachelor | G2: 5405
A3: Eleanor | B3: Crawford | C3: Female | D3: 24 | E3: e.crawford@randatmail.com | F3: Doctoral | G3: 5882
A4: Miller | B4: Myers | C4: Male | D4: 21 | E4: m.myers@randatmail.com | F4: Bachelor | G4: 3721
A5: Brianna | B5: Spencer | C5: Female | D5: 20 | E5: b.spencer@randatmail.com | F5: Lower secondary | G5: 8207
A6: Sawyer | B6: Harper | C6: Male | D6: 21 | E6: s.harper@randatmail.com | F6: Doctoral | G6: 7673
A7: Abraham | B7: Russell | C7: Male | D7: 18 | E7: a.russell@randatmail.com | F7: Master | G7: 9770
A8: Lucy | B8: Harrison | C8: Female | D8: 19 | E8: l.harrison@randatmail.com | F8: Doctoral | G8: 7942
A9: Henry | B9: Smith | C9: Male | D9: 25 | E9: h.smith@randatmail.com | F9: Primary | G9: 3260
A10: Edgar | B10: Jones | C10: Male | D10: 28 | E10: e.jones@randatmail.com | F10: Lower secondary | G10: 972
A11: Aiden | B11: Davis | C11: Male | D11: 29 | E11: a.davis@randatmail.com | F11: Doctoral | G11: 2644
A12: Reid | B12: Andrews | C12: Male | D12: 22 | E12: r.andrews@randatmail.com | F12: Upper secondary | G12: 3545
A13: Aida | B13: Ferguson | C13: Female | D13: 20 | E13: a.ferguson@randatmail.com | F13: Lower secondary | G13: 9854
... A51: Sienna | B51: Higgins | C51: Female | D51: 26 | E51: s.higgins@randatmail.com | F51: Upper secondary | G51: 7789

Sheet Sheet2
A1: Full Name | B1: Initials | C1: age Over 25? | D1: Contact Email | E1: Education (Primary) | F1: Social Support Eligibility
A2: =Sheet1!A2 & " " & Sheet1!B2 -> Chester Andrews | B2: =LEFT(Sheet1!A2,1) & LEFT(Sheet1!B2,1) -> CA | C2: =IF(Sheet1!D2>25, "Yes", "No") -> Yes | D2: =IF(Sheet1!D2>25, Sheet1!E2, "None Applicable") -> c.andrews@randatmail.com | E2: =IF(LOWER(Sheet1!F2)="primary", "Primary", "") | F2: =IF(AND(Sheet1!C2="Female", Sheet1!D2=30), "Eligible for social support funds", "Not applicable") -> Not applicable
A3: =Sheet1!A3 & " " & Sheet1!B3 -> Eleanor Crawford | B3: =LEFT(Sheet1!A3,1) & LEFT(Sheet1!B3,1) -> EC | C3: =IF(Sheet1!D3>25, "Yes", "No") -> No | D3: =IF(Sheet1!D3>25, Sheet1!E3, "None Applicable") -> None Applicable | E3: =IF(LOWER(Sheet1!F3)="primary", "Primary", "") | F3: =IF(AND(Sheet1!C3="Female", Sheet1!D3=30), "Eligible for social support funds", "Not applicable") -> Not applicable
A4: =Sheet1!A4 & " " & Sheet1!B4 -> Miller Myers | B4: =LEFT(Sheet1!A4,1) & LEFT(Sheet1!B4,1) -> MM | C4: =IF(Sheet1!D4>25, "Yes", "No") -> No | D4: =IF(Sheet1!D4>25, Sheet1!E4, "None Applicable") -> None Applicable | E4: =IF(LOWER(Sheet1!F4)="primary", "Primary", "") | F4: =IF(AND(Sheet1!C4="Female", Sheet1!D4=30), "Eligible for social support funds", "Not applicable") -> Not applicable
A5: =Sheet1!A5 & " " & Sheet1!B5 -> Brianna Spencer | B5: =LEFT(Sheet1!A5,1) & LEFT(Sheet1!B5,1) -> BS | C5: =IF(Sheet1!D5>25, "Yes", "No") -> No | D5: =IF(Sheet1!D5>25, Sheet1!E5, "None Applicable") -> None Applicable | E5: =IF(LOWER(Sheet1!F5)="primary", "Primary", "") | F5: =IF(AND(Sheet1!C5="Female", Sheet1!D5=30), "Eligible for social support funds", "Not applicable") -> Not applicable
A6: =Sheet1!A6 & " " & Sheet1!B6 -> Sawyer Harper | B6: =LEFT(Sheet1!A6,1) & LEFT(Sheet1!B6,1) -> SH | C6: =IF(Sheet1!D6>25, "Yes", "No") -> No | D6: =IF(Sheet1!D6>25, Sheet1!E6, "None Applicable") -> None Applicable | E6: =IF(LOWER(Sheet1!F6)="primary", "Primary", "") | F6: =IF(AND(Sheet1!C6="Female", Sheet1!D6=30), "Eligible for social support funds", "Not applicable") -> Not applicable
A7: =Sheet1!A7 & " " & Sheet1!B7 -> Abraham Russell | B7: =LEFT(Sheet1!A7,1) & LEFT(Sheet1!B7,1) -> AR | C7: =IF(Sheet1!D7>25, "Yes", "No") -> No | D7: =IF(Sheet1!D7>25, Sheet1!E7, "None Applicable") -> None Applicable | E7: =IF(LOWER(Sheet1!F7)="primary", "Primary", "") | F7: =IF(AND(Sheet1!C7="Female", Sheet1!D7=30), "Eligible for social support funds", "Not applicable") -> Not applicable
A8: =Sheet1!A8 & " " & Sheet1!B8 -> Lucy Harrison | B8: =LEFT(Sheet1!A8,1) & LEFT(Sheet1!B8,1) -> LH | C8: =IF(Sheet1!D8>25, "Yes", "No") -> No | D8: =IF(Sheet1!D8>25, Sheet1!E8, "None Applicable") -> None Applicable | E8: =IF(LOWER(Sheet1!F8)="primary", "Primary", "") | F8: =IF(AND(Sheet1!C8="Female", Sheet1!D8=30), "Eligible for social support funds", "Not applicable") -> Not applicable
A9: =Sheet1!A9 & " " & Sheet1!B9 -> Henry Smith | B9: =LEFT(Sheet1!A9,1) & LEFT(Sheet1!B9,1) -> HS | C9: =IF(Sheet1!D9>25, "Yes", "No") -> No | D9: =IF(Sheet1!D9>25, Sheet1!E9, "None Applicable") -> None Applicable | E9: =IF(LOWER(Sheet1!F9)="primary", "Primary", "") -> Primary | F9: =IF(AND(Sheet1!C9="Female", Sheet1!D9=30), "Eligible for social support funds", "Not applicable") -> Not applicable
A10: =Sheet1!A10 & " " & Sheet1!B10 -> Edgar Jones | B10: =LEFT(Sheet1!A10,1) & LEFT(Sheet1!B10,1) -> EJ | C10: =IF(Sheet1!D10>25, "Yes", "No") -> Yes | D10: =IF(Sheet1!D10>25, Sheet1!E10, "None Applicable") -> e.jones@randatmail.com | E10: =IF(LOWER(Sheet1!F10)="primary", "Primary", "") | F10: =IF(AND(Sheet1!C10="Female", Sheet1!D10=30), "Eligible for social support funds", "Not applicable") -> Not applicable
A11: =Sheet1!A11 & " " & Sheet1!B11 -> Aiden Davis | B11: =LEFT(Sheet1!A11,1) & LEFT(Sheet1!B11,1) -> AD | C11: =IF(Sheet1!D11>25, "Yes", "No") -> Yes | D11: =IF(Sheet1!D11>25, Sheet1!E11, "None Applicable") -> a.davis@randatmail.com | E11: =IF(LOWER(Sheet1!F11)="primary", "Primary", "") | F11: =IF(AND(Sheet1!C11="Female", Sheet1!D11=30), "Eligible for social support funds", "Not applicable") -> Not applicable
A12: =Sheet1!A12 & " " & Sheet1!B12 -> Reid Andrews | B12: =LEFT(Sheet1!A12,1) & LEFT(Sheet1!B12,1) -> RA | C12: =IF(Sheet1!D12>25, "Yes", "No") -> No | D12: =IF(Sheet1!D12>25, Sheet1!E12, "None Applicable") -> None Applicable | E12: =IF(LOWER(Sheet1!F12)="primary", "Primary", "") | F12: =IF(AND(Sheet1!C12="Female", Sheet1!D12=30), "Eligible for social support funds", "Not applicable") -> Not applicable
A13: =Sheet1!A13 & " " & Sheet1!B13 -> Aida Ferguson | B13: =LEFT(Sheet1!A13,1) & LEFT(Sheet1!B13,1) -> AF | C13: =IF(Sheet1!D13>25, "Yes", "No") -> No | D13: =IF(Sheet1!D13>25, Sheet1!E13, "None Applicable") -> None Applicable | E13: =IF(LOWER(Sheet1!F13)="primary", "Primary", "") | F13: =IF(AND(Sheet1!C13="Female", Sheet1!D13=30), "Eligible for social support funds", "Not applicable") -> Not applicable
... A51: =Sheet1!A51 & " " & Sheet1!B51 -> Sienna Higgins | B51: =LEFT(Sheet1!A51,1) & LEFT(Sheet1!B51,1) -> SH | C51: =IF(Sheet1!D51>25, "Yes", "No") -> Yes | D51: =IF(Sheet1!D51>25, Sheet1!E51, "None Applicable") -> s.higgins@randatmail.com | E51: =IF(LOWER(Sheet1!F51)="primary", "Primary", "") | F51: =IF(AND(Sheet1!C51="Female", Sheet1!D51=30), "Eligible for social support funds", "Not applicable") -> Not applicable
A52: =Sheet1!A52 & " " & Sheet1!B52

Sheet Sheet3
A3: Education | B3: Sum of Salary | G3: Sum of Salary | H3: Gender | P3: Metric | Q3: Count
A4: Bachelor | B4: 68557 | G4: Age | H4: Female | I4: Male | J4: Grand Total | P4: Eligible for Social Support Funds | Q4: =COUNTIF(Sheet2!F2:F51, "Eligible for social support funds") -> 3
A5: Doctoral | B5: 41018 | G5: 18 | H5: 24138 | I5: 15000 | J5: 39138 | P5: Need Special Training (Age > 25) | Q5: =COUNTIF(Sheet2!C2:C51, "Yes") -> 21
A6: Lower secondary | B6: 45107 | G6: 19 | H6: 23804 | I6: 1896 | J6: 25700
A7: Master | B7: 40461 | G7: 20 | H7: 20636 | J7: 20636
A8: Primary | B8: 47427 | G8: 21 | H8: 13414 | I8: 11394 | J8: 24808
A9: Upper secondary | B9: 49577 | G9: 22 | H9: 6234 | I9: 12228 | J9: 18462
A10: Grand Total | B10: 292147 | G10: 23 | I10: 6839 | J10: 6839 | P10: Education | Q10: Average Salary
G11: 24 | H11: 10930 | J11: 10930 | P11: Lower secondary | Q11: =AVERAGEIF(Sheet1!F2:F51, P11, Sheet1!G2:G51) -> 5011.8889
G12: 25 | H12: 7275 | I12: 18214 | J12: 25489
G13: 26 | H13: 17759 | I13: 1272 | J13: 19031
G14: 27 | H14: 14567 | I14: 8133 | J14: 22700
G15: 28 | H15: 8070 | I15: 15831 | J15: 23901
G16: 29 | H16: 9027 | I16: 15550 | J16: 24577
G17: 30 | H17: 17447 | I17: 12489 | J17: 29936
G18: Grand Total | H18: 173301 | I18: 118846 | J18: 292147
